label,terrain_type,n_values,bin_width_m,plot_min_m,plot_max_m,histogram_peak_m,histogram_peak_count,mean_m,median_m,std_m,p05_m,p25_m,p75_m,p95_m
post-pre_COREG_BIAS_ASPECT_o1_a0,all,52858183,0.005,-5,5,0.0025,958164,-0.041915852,-6.10E-05,0.7596816325862081,-0.683258057,-0.105041504,0.113647461,0.383422852
post-pre_COREG_BIAS_ASPECT_o1_a0,stable,52690013,0.005,-5,5,0.0025,958164,-0.04591111,0,0.4610632980648247,-0.66394043,-0.104248047,0.11315918,0.379760742
post-pre_COREG_BIAS_ASPECT_o1_a10,all,52858228,0.005,-5,5,0.0025,984334,-0.044126512,-6.10E-05,0.7602530072992705,-0.686950684,-0.106506348,0.1086502075195312,0.382324219
post-pre_COREG_BIAS_ASPECT_o1_a10,stable,52690058,0.005,-5,5,0.0025,984334,-0.048133537,0,0.461304665,-0.667663574,-0.105651855,0.1082305908203125,0.378601074
post-pre_COREG_BIAS_ASPECT_o1_a20,all,52858228,0.005,-5,5,0.0025,1007702,-0.046746007,-6.10E-05,0.7604981300924973,-0.690002441,-0.108001709,0.102722168,0.380737305
post-pre_COREG_BIAS_ASPECT_o1_a20,stable,52690058,0.005,-5,5,0.0025,1007702,-0.050735952,0,0.46152566074345425,-0.67074585,-0.107154846,0.102294922,0.376953125
post-pre_COREG_BIAS_ASPECT_o1_a30,all,52858228,0.005,-5,5,0.0025,1025725,-0.049699563,-6.10E-05,0.7612073950119512,-0.694355631,-0.109802246,0.097106934,0.377685547
post-pre_COREG_BIAS_ASPECT_o1_a30,stable,52690058,0.005,-5,5,0.0025,1025725,-0.053680801,0,0.46207781338561776,-0.675048828,-0.108947754,0.096740723,0.373840332
post-pre_COREG_BIAS_ASPECT_o1_a40,all,52858228,0.005,-5,5,0.0075,1039905,-0.052473896,-6.10E-05,0.7618436418049567,-0.698760986,-0.111206055,0.092712402,0.372192383
post-pre_COREG_BIAS_ASPECT_o1_a40,stable,52690058,0.005,-5,5,0.0075,1039905,-0.056432033,0,0.46263035328303415,-0.679260254,-0.110347748,0.092346191,0.368225098
post-pre_COREG_BIAS_ASPECT_o1_a50,all,52858228,0.005,-5,5,0.0075,1062608,-0.056906051,-6.10E-05,0.7623452854396985,-0.705688477,-0.114160538,0.087158203,0.36114502
post-pre_COREG_BIAS_ASPECT_o1_a50,stable,52690058,0.005,-5,5,0.0075,1062608,-0.060840831,0,0.4632263362386367,-0.686065674,-0.11328125,0.08682251,0.357177734
post-pre_COREG_BIAS_ASPECT_o1_a60,all,52858228,0.005,-5,5,0.012499999999893152,1068788,-0.061450657,-6.10E-05,0.7629309908538199,-0.71295166,-0.117218018,0.081962585,0.3477020263671875
post-pre_COREG_BIAS_ASPECT_o1_a60,stable,52690058,0.005,-5,5,0.012499999999893152,1068788,-0.065367772,0,0.46380298338850506,-0.693359375,-0.116333008,0.081642151,0.34362793
post-pre_COREG_BIAS_ASPECT_o1_a70,all,52858228,0.005,-5,5,0.012499999999893152,1077437,-0.065192715,-6.10E-05,0.7633697979327457,-0.719055176,-0.118713379,0.078125,0.332763672
post-pre_COREG_BIAS_ASPECT_o1_a70,stable,52690058,0.005,-5,5,0.012499999999893152,1077437,-0.069086915,0,0.46423886388254487,-0.699157715,-0.11781311,0.077819824,0.328613281
post-pre_COREG_BIAS_ASPECT_o1_a80,all,52858228,0.005,-5,5,0.017499999999893046,1084936,-0.066903816,-6.10E-05,0.7642980942474551,-0.722229004,-0.117797852,0.07598877,0.324951172
post-pre_COREG_BIAS_ASPECT_o1_a80,stable,52690058,0.005,-5,5,0.017499999999893046,1084936,-0.070787792,0,0.46482750201137024,-0.702270508,-0.116882324,0.075714111,0.320861816
post-pre_COREG_BIAS_ASPECT_o1_a90,all,52858194,0.005,-5,5,0.012499999999893152,1107968,-0.067054957,-6.10E-05,0.763578596,-0.721557617,-0.114334106,0.075805664,0.317626953
post-pre_COREG_BIAS_ASPECT_o1_a90,stable,52690024,0.005,-5,5,0.012499999999893152,1107968,-0.070871429,0,0.46478881387357784,-0.701293945,-0.113441467,0.075531006,0.313354492
post-pre_COREG_BIAS_ASPECT_o2_a0,all,52858183,0.005,-5,5,0.0025,803939,-0.043159639,-7.63E-05,0.758332578,-0.67779541,-0.111846924,0.1154937744140625,0.371826172
post-pre_COREG_BIAS_ASPECT_o2_a0,stable,52690013,0.005,-5,5,0.0025,803939,-0.047167227,0,0.45897331268056246,-0.65864563,-0.111083984,0.115112305,0.368164063
post-pre_COREG_BIAS_ASPECT_o2_a10,all,52858228,0.005,-5,5,0.0025,824335,-0.042652505,-7.63E-05,0.7589483308572821,-0.678253174,-0.110870361,0.116333008,0.372680664
post-pre_COREG_BIAS_ASPECT_o2_a10,stable,52690058,0.005,-5,5,0.0025,824335,-0.046690957,0,0.45914420724993366,-0.659057617,-0.110107422,0.1159439086914062,0.369018555
post-pre_COREG_BIAS_ASPECT_o2_a40,all,52858228,0.005,-5,5,0.0025,897487,-0.049892428,-7.63E-05,0.7595919004022703,-0.690917969,-0.112915039,0.104797363,0.359375
post-pre_COREG_BIAS_ASPECT_o2_a40,stable,52690058,0.005,-5,5,0.0025,897487,-0.053869456,0,0.45997893535159545,-0.671661377,-0.112075806,0.104431152,0.35559082
post-pre_COREG_BIAS_ASPECT_o2_a50,all,52858228,0.005,-5,5,0.0075,926116,-0.05488393,-7.25E-05,0.7598409323959198,-0.698730469,-0.115844727,0.09753418,0.346801758
post-pre_COREG_BIAS_ASPECT_o2_a50,stable,52690058,0.005,-5,5,0.0075,926116,-0.058828328,0,0.46048285691037405,-0.679473877,-0.114990234,0.097167969,0.343017578
post-pre_COREG_BIAS_ASPECT_o2_a60,all,52858228,0.005,-5,5,0.0075,944724,-0.059392337,-6.87E-05,0.7606932382233649,-0.705688477,-0.118164063,0.09173584,0.332244873
post-pre_COREG_BIAS_ASPECT_o2_a60,stable,52690058,0.005,-5,5,0.0075,944724,-0.06332332,0,0.46108240682226276,-0.686218262,-0.117279053,0.091400146,0.328369141
post-pre_COREG_BIAS_ASPECT_o2_a70,all,52858228,0.005,-5,5,0.012499999999893152,981877,-0.062684121,-6.10E-05,0.7615875748839749,-0.711120605,-0.1171875,0.085540771,0.322967529
post-pre_COREG_BIAS_ASPECT_o2_a70,stable,52690058,0.005,-5,5,0.012499999999893152,981877,-0.06659344,0,0.461813436,-0.69140625,-0.116271973,0.085220337,0.318908691
post-pre_COREG_BIAS_ASPECT_o2_a80,all,52858228,0.005,-5,5,0.0075,997311,-0.063580226,-6.10E-05,0.7625932009436162,-0.713038063,-0.115882874,0.084152222,0.319213867
post-pre_COREG_BIAS_ASPECT_o2_a80,stable,52690058,0.005,-5,5,0.0075,997311,-0.067484825,0,0.4624251469185726,-0.69329834,-0.114990234,0.083862305,0.315063477
post-pre_COREG_BIAS_ASPECT_o2_a90,all,52858194,0.005,-5,5,0.012499999999893152,936007,-0.06543896,-6.87E-05,0.7616913710841767,-0.714599609,-0.115661621,0.083984375,0.310180664
post-pre_COREG_BIAS_ASPECT_o2_a90,stable,52690024,0.005,-5,5,0.012499999999893152,936007,-0.069261582,0,0.4623497813241282,-0.694549561,-0.114807129,0.083740234,0.305908203
post-pre_COREG_BIAS_ASPECT_o3_a0,all,52858183,0.005,-5,5,-0.0075,883343,-0.037147964,-7.63E-05,0.7584203217533934,-0.666381836,-0.102020264,0.124145508,0.3731117248535156
post-pre_COREG_BIAS_ASPECT_o3_a0,stable,52690013,0.005,-5,5,-0.0075,883343,-0.041182323,0,0.4577340773713979,-0.647399902,-0.101257324,0.123718262,0.369384766
post-pre_COREG_BIAS_ASPECT_o3_a10,all,52858228,0.005,-5,5,-0.0075,913871,-0.036256701,-7.25E-05,0.7589443912460166,-0.66583252,-0.101776123,0.125488281,0.376037598
post-pre_COREG_BIAS_ASPECT_o3_a10,stable,52690058,0.005,-5,5,-0.0075,913871,-0.040317837,0,0.4579286202282505,-0.646850586,-0.100997925,0.125061035,0.372314453
post-pre_COREG_BIAS_ASPECT_o3_a20,all,52858228,0.005,-5,5,-0.0075,939610,-0.039425439,-6.87E-05,0.7590208213037027,-0.670776367,-0.10333252,0.120056152,0.369750977
post-pre_COREG_BIAS_ASPECT_o3_a20,stable,52690058,0.005,-5,5,-0.0075,939610,-0.043472904,0,0.4580076818838577,-0.651794434,-0.102539063,0.1196022033691406,0.365997314
post-pre_COREG_BIAS_ASPECT_o3_a30,all,52858228,0.005,-5,5,-0.0025,959233,-0.042296851,-6.10E-05,0.7594052485923016,-0.675857544,-0.10546875,0.115356445,0.365234375
post-pre_COREG_BIAS_ASPECT_o3_a30,stable,52690058,0.005,-5,5,-0.0025,959233,-0.046335597,0,0.4584901709768752,-0.656860352,-0.104644775,0.114929199,0.36151123
post-pre_COREG_BIAS_ASPECT_o3_a40,all,52858228,0.005,-5,5,0.0025,975887,-0.046278907,-6.10E-05,0.7599879534135956,-0.68196106,-0.108032227,0.109436035,0.3568916320800781
post-pre_COREG_BIAS_ASPECT_o3_a40,stable,52690058,0.005,-5,5,0.0025,975887,-0.050289189,0,0.45896989203446825,-0.662841797,-0.107208252,0.109008789,0.353057861
post-pre_COREG_BIAS_ASPECT_o3_a50,all,52858228,0.005,-5,5,0.0025,993289,-0.051824977,-6.10E-05,0.7603620036936503,-0.690979004,-0.111724854,0.101074219,0.34588623
post-pre_COREG_BIAS_ASPECT_o3_a50,stable,52690058,0.005,-5,5,0.0025,993289,-0.055810413,0,0.4595197530928952,-0.671844482,-0.110839844,0.100708008,0.341918945
post-pre_COREG_BIAS_ASPECT_o3_a60,all,52858228,0.005,-5,5,0.0075,974602,-0.057643773,-6.10E-05,0.7609352199385593,-0.700370789,-0.115661621,0.093139648,0.333129883
post-pre_COREG_BIAS_ASPECT_o3_a60,stable,52690058,0.005,-5,5,0.0075,974602,-0.06159747,0,0.4602345826907233,-0.681091309,-0.114746094,0.092773438,0.329101563
post-pre_COREG_BIAS_ASPECT_o3_a70,all,52858228,0.005,-5,5,0.0075,1006648,-0.061544532,-6.10E-05,0.7614803541191425,-0.706604004,-0.116546631,0.086242676,0.3251800537109375
post-pre_COREG_BIAS_ASPECT_o3_a70,stable,52690058,0.005,-5,5,0.0075,1006648,-0.065465071,0,0.4609331036239008,-0.687103271,-0.115631104,0.0859375,0.3210334777832031
post-pre_COREG_BIAS_ASPECT_o3_a80,all,52858228,0.005,-5,5,0.012499999999893152,975125,-0.063817802,-6.10E-05,0.7622687802307659,-0.711120605,-0.11655426,0.082641602,0.319335938
post-pre_COREG_BIAS_ASPECT_o3_a80,stable,52690058,0.005,-5,5,0.012499999999893152,975125,-0.067717325,0,0.4615707247764665,-0.691467285,-0.115631104,0.082336426,0.315063477
post-pre_COREG_BIAS_ASPECT_o3_a90,all,52858194,0.005,-5,5,0.0075,988710,-0.064894022,-6.10E-05,0.7611927979482251,-0.712548637,-0.115112305,0.081756592,0.313232422
post-pre_COREG_BIAS_ASPECT_o3_a90,stable,52690024,0.005,-5,5,0.0075,988710,-0.068713984,0,0.46142401548095496,-0.692718506,-0.114212036,0.081481934,0.308959961
post-pre_COREG_ONLY,all,52891864,0.005,-5,5,0.0425,864682,0.005865671,0.041885376,0.760679527,-0.638916016,-0.06347084,0.169769287,0.43762207
post-pre_COREG_ONLY,stable,52690151,0.005,-5,5,0.0425,864196,0.001833097,0.041976929,0.4633743699188562,-0.619934082,-0.062683105,0.169311523,0.433898926
post-pre_RAW,all,52909681,0.005,-5,5,-0.0275,1287598,-0.131720595,-0.06000042,0.7812334136132428,-0.859985352,-0.229980469,0.039978027,0.369995117
post-pre_RAW,stable,52693817,0.005,-5,5,-0.0275,1286281,-0.135398435,-0.059999943,0.4902615174154539,-0.840000153,-0.229980469,0.039978027,0.3600006103515625
