pair,stage,deramp_order,directional_angle,mean,median,std,NMAD,RMSE,n_valid,stable_mean,stable_median,stable_std,stable_NMAD,stable_RMSE,n_stable,abs_median,stable_abs_median,stable_NMAD_improvement_pct,stable_RMSE_improvement_pct,stable_bias_improvement_pct
post-pre_COREG_BIAS_ASPECT_o1_a90,coreg_bias,1,90,-0.067054957,-6.10E-05,0.763578596,0.13618853759765626,0.7665172136644115,52858194,-0.070871429,0,0.46478881387357784,0.135374121,0.470161037,52690024,6.103515625e-05,0,29.763970143231788,7.560502072097951,100
post-pre_COREG_BIAS_ASPECT_o1_a80,coreg_bias,1,80,-0.066903816,-6.10E-05,0.7642980942474551,0.13908424072265624,0.7672207618806578,52858228,-0.070787792,0,0.46482750201137024,0.138269824,0.47018668439557826,52690058,6.103515625e-05,0,28.26159517303353,7.555459536588265,100
post-pre_COREG_BIAS_ASPECT_o3_a90,coreg_bias,3,90,-0.064894022,-6.10E-05,0.7611927979482251,0.14152749,0.7639539971038789,52858194,-0.068713984,0,0.46142401548095496,0.14073569641113282,0.4665123081864793,52690024,6.103515625e-05,0,26.982228987474087,8.277887524051364,100
post-pre_COREG_BIAS_ASPECT_o1_a70,coreg_bias,1,70,-0.065192715,-6.10E-05,0.7633697979327458,0.14197994384765625,0.7661485094311485,52858228,-0.069086915,0,0.46423886388254487,0.14116552734374999,0.46935138716286867,52690058,6.103515625e-05,0,26.759220202835294,7.719689344430359,100
post-pre_COREG_BIAS_ASPECT_o2_a90,coreg_bias,2,90,-0.06543896,-6.87E-05,0.7616913710841767,0.1432355026245117,0.7644972218637556,52858194,-0.069261582,0,0.4623497813241282,0.1424776428222656,0.4675088095921675,52690024,6.866455078125e-05,0,26.078456544464213,8.081962974128368,100
post-pre_COREG_BIAS_ASPECT_o3_a80,coreg_bias,3,80,-0.063817802,-6.10E-05,0.7622687802307659,0.14354090881347656,0.7649355561932689,52858228,-0.067717325,0,0.4615707247764665,0.14274911499023438,0.46651170416931875,52690058,6.103515625e-05,0,25.937608891008114,8.278006281325215,100
post-pre_COREG_BIAS_ASPECT_o2_a80,coreg_bias,2,80,-0.063580226,-6.10E-05,0.7625932009436162,0.14421958923339842,0.7652390706573541,52858228,-0.067484825,0,0.4624251469185726,0.14342779541015624,0.4673234619927641,52690058,6.103515625e-05,0,25.585489757367906,8.118404613633476,100
post-pre_COREG_BIAS_ASPECT_o1_a60,coreg_bias,1,60,-0.061450657,-6.10E-05,0.7629309908538199,0.14487564697265623,0.7654017768909532,52858228,-0.065367772,0,0.46380298338850506,0.14401598510742186,0.46838675580283523,52690058,6.103515625e-05,0,25.28031984154639,7.909347847647058,100
post-pre_COREG_BIAS_ASPECT_o2_a70,coreg_bias,2,70,-0.062684121,-6.10E-05,0.7615875748839749,0.14686644287109374,0.7641628970495322,52858228,-0.06659344,0,0.461813436,0.1460520263671875,0.4665901155550313,52690058,6.103515625e-05,0,24.223962440625733,8.262589629259416,100
post-pre_COREG_BIAS_ASPECT_o3_a70,coreg_bias,3,70,-0.061544532,-6.10E-05,0.7614803541191425,0.14738676452636718,0.7639633886394516,52858228,-0.065465071,0,0.4609331036239008,0.14651579132080078,0.4655588057230824,52690058,6.103515625e-05,0,23.98334769930492,8.465357948001737,100
post-pre_COREG_BIAS_ASPECT_o1_a50,coreg_bias,1,50,-0.056906051,-6.10E-05,0.7623452854396985,0.14759036865234373,0.7644662404769622,52858228,-0.060840831,0,0.4632263362386367,0.1466967727661133,0.4672047145454249,52690058,6.103515625e-05,0,23.88944926366753,8.141751836268218,100
post-pre_COREG_BIAS_ASPECT_o1_a40,coreg_bias,1,40,-0.052473896,-6.10E-05,0.7618436418049567,0.15030509033203124,0.7636486392830287,52858228,-0.056432033,0,0.46263035328303415,0.14944542846679687,0.4660594577316987,52690058,6.103515625e-05,0,22.463366772424664,8.366923547,100
post-pre_COREG_BIAS_ASPECT_o1_a30,coreg_bias,1,30,-0.049699563,-6.10E-05,0.7612073950119512,0.15301981201171874,0.7628281227015976,52858228,-0.053680801,0,0.46207781338561776,0.15211490478515624,0.4651854834776158,52690058,6.103515625e-05,0,21.078364846773155,8.538757737005318,100
post-pre_COREG_BIAS_ASPECT_o3_a60,coreg_bias,3,60,-0.057643773,-6.10E-05,0.7609352199385593,0.1530820243835449,0.7631154653714212,52858228,-0.06159747,0,0.4602345826907233,0.15220539550781248,0.4643383673763061,52690058,6.103515625e-05,0,21.031415628954466,8.705311281169159,100
post-pre_COREG_BIAS_ASPECT_o2_a60,coreg_bias,2,60,-0.059392337,-6.87E-05,0.7606932382233649,0.1532573501586914,0.7630082911282834,52858228,-0.06332332,0,0.46108240682226276,0.15238637695312499,0.4654103874757612,52690058,6.866455078125e-05,0,20.93751719331707,8.494538818335467,100
post-pre_COREG_BIAS_ASPECT_o1_a20,coreg_bias,1,20,-0.046746007,-6.10E-05,0.7604981300924973,0.15609649658203123,0.761933458,52858228,-0.050735952,0,0.46152566074345425,0.15519158935546873,0.46430601148766165,52690058,6.103515625e-05,0,19.48209144093752,8.711672850639951,100
post-pre_COREG_BIAS_ASPECT_o2_a50,coreg_bias,2,50,-0.05488393,-7.25E-05,0.7598409323959198,0.15691656875610352,0.7618205092621608,52858228,-0.058828328,0,0.46048285691037405,0.15605125122070312,0.46422541257659594,52690058,7.2479248046875e-05,0,19.03607387,8.727519597352694,100
post-pre_COREG_BIAS_ASPECT_o3_a50,coreg_bias,3,50,-0.051824977,-6.10E-05,0.7603620036936503,0.15718238525390624,0.7621261082991454,52858228,-0.055810413,0,0.4595197530928952,0.15630010070800782,0.4628965388373426,52690058,6.103515625e-05,0,18.90696352265849,8.988792675124108,100
post-pre_COREG_BIAS_ASPECT_o1_a10,coreg_bias,1,10,-0.044126512,-6.10E-05,0.7602530072992705,0.15951252136230468,0.7615325233922873,52858228,-0.048133537,0,0.461304665,0.158539746,0.4638090460070975,52690058,6.103515625e-05,0,17.744970381645786,8.809382435,100
post-pre_COREG_BIAS_ASPECT_o2_a40,coreg_bias,2,40,-0.049892428,-7.63E-05,0.7595919004022703,0.16096037292480467,0.7612286841429956,52858228,-0.053869456,0,0.45997893535159545,0.16007808837890625,0.46312259633316183,52690058,7.62939453125e-05,0,16.94683367872796,8.944346964488597,100
post-pre_COREG_BIAS_ASPECT_o3_a40,coreg_bias,3,40,-0.046278907,-6.10E-05,0.7599879534135956,0.1612544677734375,0.7613957095603716,52858228,-0.050289189,0,0.45896989203446825,0.160349561,0.4617167576357817,52690058,6.103515625e-05,0,16.80598602527188,9.220752309,100
post-pre_COREG_BIAS_ASPECT_o1_a0,coreg_bias,1,0,-0.041915852,-6.10E-05,0.7596816325862081,0.16203495025634765,0.7608371189104229,52858183,-0.04591111,0,0.4610632980648247,0.161073486,0.4633434955268038,52690013,6.103515625e-05,0,16.43039228272232,8.900915440111799,100
post-pre_COREG_BIAS_ASPECT_o3_a30,coreg_bias,3,30,-0.042296851,-6.10E-05,0.7594052485923016,0.16383345336914062,0.7605822475143759,52858228,-0.046335597,0,0.4584901709768752,0.162883301,0.46082559004372853,52690058,6.103515625e-05,0,15.49140792634841,9.395966922933818,100
post-pre_COREG_BIAS_ASPECT_o3_a20,coreg_bias,3,20,-0.039425439,-6.87E-05,0.7590208213037027,0.16560933380126952,0.7600440595465973,52858228,-0.043472904,0,0.4580076818838577,0.16464786987304686,0.4600662235901635,52690058,6.866455078125e-05,0,14.575898178883854,9.545267796763088,100
post-pre_COREG_BIAS_ASPECT_o3_a0,coreg_bias,3,0,-0.037147964,-7.63E-05,0.7584203217533934,0.16738521423339842,0.7593295435297508,52858183,-0.041182323,0,0.4577340773713979,0.16642375030517578,0.45958292974813875,52690013,7.62939453125e-05,0,13.654519779191949,9.640289367168066,100
post-pre_COREG_BIAS_ASPECT_o3_a10,coreg_bias,3,10,-0.036256701,-7.25E-05,0.7589443912460166,0.16819397506713865,0.7598099350472655,52858228,-0.040317837,0,0.4579286202282505,0.167226855,0.45970006441164984,52690058,7.2479248046875e-05,0,13.237845471051035,9.617259237859876,100
post-pre_COREG_BIAS_ASPECT_o2_a10,coreg_bias,2,10,-0.042652505,-7.63E-05,0.7589483308572821,0.1684258575439453,0.7601459103957915,52858228,-0.046690957,0,0.45914420724993366,0.16753226165771484,0.46151213255488266,52690058,7.62939453125e-05,0,13.079391860912935,9.260984140437909,100
post-pre_COREG_BIAS_ASPECT_o2_a0,coreg_bias,2,0,-0.043159639,-7.63E-05,0.758332578,0.16851634826660156,0.7595597763695934,52858183,-0.047167227,0,0.45897331268056246,0.1676340637207031,0.4613905601865026,52690013,7.62939453125e-05,0,13.026573990866908,9.284886777626353,100
post-pre_COREG_ONLY,coreg,,,0.005865671,0.041885376,0.760679527,0.1720002410888672,0.760702142,52891864,0.001833097,0.041976929,0.4633743699188562,0.17103877716064453,0.4633779957465224,52690151,0.041885376,0.041976929,11.26010967043849,8.894132268525668,30.03838542784255
post-pre_RAW,raw,,,-0.131720595,-0.06000042,0.7812334136132428,0.19274099750518797,0.7922600340677386,52909681,-0.135398435,-0.059999943,0.4902615174154539,0.19274170446395872,0.5086148755119526,52693817,0.06000042,0.059999942779541016,0,0,0
